U_R,U_T,H_bar,G,V,P
"[[-0.6915091276168823, -0.24854028224945068, 0.550285279750824, -0.39652112126350403], [-0.5558422803878784, 0.4684208929538727, 0.007892568595707417, 0.6867014169692993], [-0.35609740018844604, 0.3770260214805603, -0.6647090911865234, -0.5377804040908813], [0.2933415472507477, 0.759381890296936, 0.5052578449249268, -0.28636398911476135]]","[[0.36553454399108887, 0.37692973017692566, -0.41081950068473816, -0.7453429698944092], [0.20301058888435364, 0.5710368156433105, 0.793901264667511, -0.04924171417951584], [-0.3260997533798218, 0.7290310263633728, -0.4138915538787842, 0.43688273429870605], [0.8478386402130127, -0.01883663609623909, -0.17216916382312775, 0.5011712908744812]]","[[-0.22598230838775635, 0.2058238983154297, -0.6204792261123657, 0.9408682584762573], [0.4355696439743042, -0.2939540147781372, 0.7611024379730225, 0.6453739404678345], [-0.4229327440261841, -0.9800674915313721, 0.9869325160980225, 0.060782551765441895], [0.2850378751754761, -0.258725643157959, -0.3282034397125244, 0.6307904720306396]]","[[0.06105530261993408, 0.250860333442688, -0.7677249908447266, -0.12061119079589844], [0.8475911617279053, -0.9447453022003174, 0.35199928283691406, -0.10583722591400146], [-0.18787658214569092, 0.48554086685180664, 0.5394328832626343, 0.3231170177459717], [-0.12212228775024414, -0.21712398529052734, 0.07102847099304199, 0.8468689918518066]]","[[-0.05853843688964844, 0.14207476377487183, 0.8883442282676697, 0.43270358443260193], [-0.5676398277282715, -0.20230214297771454, 0.34537485241889954, -0.7194269299507141], [0.8182482719421387, -0.047996994107961655, 0.2994661033153534, -0.48835042119026184], [-0.06948359310626984, 0.9677731990814209, -0.04336530715227127, -0.23813152313232422]]","[[1.686681866645813, 0.0, 0.0, 0.0], [0.0, 1.4567068815231323, 0.0, 0.0], [0.0, 0.0, 0.7189695835113525, 0.0], [0.0, 0.0, 0.0, 0.13629721105098724]]"
